{
    "JPY": 114.58424,
    "CNY": 6.3682,
    "CHF": 0.92056,
    "CAD": 1.26869,
    "MXN": 20.60777,
    "INR": 74.8781,
    "BRL": 5.26207,
    "RUB": 76.64627,
    "KRW": 1201.214,
    "IDR": 14375.26907,
    "TRY": 13.5629,
    "SAR": 3.7516,
    "SEK": 9.20604,
    "NGN": 415.33561,
    "PLN": 4.02247,
    "ARS": 105.15281,
    "NOK": 8.8094,
    "TWD": 27.8437,
    "IRR": 42001.04345,
    "AED": 3.67279,
    "COP": 3928.72249,
    "THB": 33.13075,
    "ZAR": 15.32874,
    "DKK": 6.58418,
    "MYR": 4.18209,
    "SGD": 1.34746,
    "ILS": 3.17818,
    "HKD": 7.7954,
    "EGP": 15.66047,
    "PHP": 51.04565,
    "CLP": 809.7139,
    "PKR": 175.85362,
    "IQD": 1458.54117,
    "DZD": 139.66148,
    "KZT": 434.59035,
    "QAR": 3.6401,
    "CZK": 21.40682,
    "PEN": 3.84729,
    "RON": 4.37477,
    "VND": 22645.33396,
    "BDT": 85.95087,
    "HUF": 314.03804,
    "UAH": 28.23446,
    "AOA": 524.49994,
    "MAD": 9.35297,
    "OMR": 0.38501,
    "CUC": 24.00072,
    "BYR": 2.57967,
    "AZN": 1.69504,
    "LKR": 200.07572,
    "SDG": 440.01077,
    "SYP": 2510.0617,
    "MMK": 1769.53079,
    "DOP": 57.55066,
    "UZS": 10803.65172,
    "KES": 113.55336,
    "GTQ": 7.69213,
    "URY": 43.9106,
    "HRV": 6.65879,
    "MOP": 8.02919,
    "ETB": 49.78625,
    "CRC": 642.16609,
    "TZS": 2306.03041,
    "TMT": 3.49006,
    "TND": 2.88127,
    "PAB": 1.00003,
    "LBP": 1505.52202,
    "RSD": 104.08238,
    "LYD": 4.58756,
    "GHS": 6.25009,
    "YER": 249.98647,
    "BOB": 6.82012,
    "BHD": 0.37701,
    "CDF": 1996.1877,
    "PYG": 7025.18818,
    "UGX": 3490.04104,
    "SVC": 8.74972,
    "TTD": 6.68598,
    "AFN": 94.89265,
    "NPR": 119.83335,
    "HNL": 24.45064,
    "BIH": 1.73122,
    "BND": 1.34723,
    "ISK": 126.42258,
    "KHR": 4057.07573,
    "GEL": 3.00506,
    "MZN": 62.65065,
    "BWP": 11.52104,
    "PGK": 3.51125,
    "JMD": 155.84193,
    "XAF": 580.6141,
    "NAD": 15.34023,
    "ALL": 107.23292,
    "SSP": 426.69775,
    "MUR": 43.55096,
    "MNT": 2842.04522,
    "NIO": 35.58064,
    "LAK": 11320.13334,
    "MKD": 54.28135,
    "AMD": 480.30711,
    "MGA": 3978.72855,
    "XPF": 105.33109,
    "TJS": 11.28022,
    "HTG": 102.00291,
    "BSD": 1.00003,
    "MDL": 17.9505,
    "RWF": 1028.14549,
    "KGS": 84.7959,
    "GNF": 8950.21642,
    "SRD": 20.66046,
    "SLL": 11346.1426,
    "XOF": 580.01324,
    "MWK": 808.92203,
    "FJD": 2.14425,
    "ERN": 15.05023,
    "SZL": 15.33521,
    "GYD": 207.77526,
    "BIF": 1995.35298,
    "KYD": 0.82501,
    "MVR": 15.42035,
    "LSL": 15.32916,
    "LRD": 152.10278,
    "CVE": 97.61165,
    "DJF": 177.50419,
    "SCR": 13.12934,
    "SOS": 575.01424,
    "GMD": 52.90142,
    "KMF": 434.39921,
    "STD": 21.68361,
    "XRP": 1.64721,
    "AUD": 1.40152,
    "BGN": 1.73094,
    "BTC": 0.0271,
    "JOD": 0.70812,
    "GBP": 0.73676,
    "ETH": 0.00037,
    "EUR": 0.88552,
    "LTC": 0.00907,
    "NZD": 1.50758
}